rider,positive
paul-martens,0
torsten-nitsche,0
marc-de-maar,0
luke-durbridge,0
jesus-rosendo,0
bas-giling,0
andrew-talansky,0
nikolay-mihaylov,0
andrea-guardini,0
peter-koning,0
michael-sandstod,0
serguei-ivanov,0
leif-hoste,1
bram-de-groot,0
matteo-tosatto,0
adam-yates,0
edward-theuns,0
joaquin-lopez,0
rafael-nuritdinov,0
ruber-alverio-marin,0
igor-gonzalez-de-galdeano,0
fredrik-kessiakoff,0
david-gaudu,0
kasper-klostergaard,0
alexander-kristoff,0
paolo-bossoni,1
juan-gomis-lopez,0
ruben-perez,0
ryan-gibbons,0
robert-gesink,0
anton-luengo,0
marzio-bruseghin,0
nick-gates,0
kiel-reijnen,0
mirko-marini,0
andrea-moletta,0
travis-meyer,0
richard-virenque,0
mauro-da-dalto,0
matvey-mamykin,0
sebastien-talabardon,0
michele-scarponi,1
eric-leblacher,0
bart-voskamp,1
german-nieto,0
delio-fernandez,0
laurens-de-plus,0
wouter-mol,0
angel-luis-casero,0
quentin-jauregui,0
davide-cimolai,0
leonardo-bertagnolli,0
carlos-alberto-carneiro-silva,0
benjamin-thomas-2,0
damien-gaudin,0
jose-luis-rebollo,0
nikita-stalnov,0
kai-hundertmarck,0
kevin-seeldraeyers,0
romans-vainsteins,0
tom-stamsnijder,0
ivan-herrero,0
alan-lezaun-perez,0
maxime-mederel,0
benat-intxausti,0
steve-vermaut,0
pablo-lastras,0
philippe-gaumont,1
radoslaw-romanik,0
gregory-henderson,0
biagio-conte,0
samuel-sanchez,1
sebastien-chavanel,0
angel-madrazo,0
angel-gomez-gomez,0
sebastien-reichenbach,0
aritz-bagues,0
gorka-verdugo,0
beat-zberg,0
bart-de-clercq,0
constantino-zaballa,0
juan-mauricio-soler,0
rory-sutherland,0
rolf-sorensen,0
samuel-dumoulin,0
benoit-poilvet,0
nathan-haas,0
tom-van-asbroeck,0
nicolas-roche,0
georg-preidler,1
gregor-gazvoda,0
alexander-edmondson,0
jorge-azanza,0
nelson-oliveira,0
alberto-contador,1
enrico-poitschke,0
sepp-kuss,0
cesar-perez,0
david-george,1
luke-rowe,0
stijn-vandenbergh,0
roberto-conti,0
mickael-delage,0
oliviero-troia,0
sep-vanmarcke,0
daniele-de-paoli,0
toms-skujins,0
ioannis-tamouridis,0
lilian-calmejane,0
marc-wauters,0
andrea-vendrame,0
thierry-hupond,0
sylwester-szmyd,0
magnus-cort-nielsen,0
geoffrey-soupe,0
carlos-oyarzun,1
bob-jungels,0
marc-sarreau,0
sergio-paulinho,0
tom-leezer,0
mirco-crepaldi,0
taylor-phinney,0
bo-hamburger,1
candido-barbosa,0
alessandro-bertolini,0
jelle-vanendert,0
marius-sabaliauskas,0
cristiano-frattini,0
mads-wurtz-schmidt,0
nikolay-trusov,0
perrig-quemeneur,0
thomas-damuseau,0
massimo-codol,0
fabian-wegmann,0
luca-scinto,0
anders-lund-1,0
gian-mario-ortenzi,0
jeroen-blijlevens,1
pieter-jacobs,0
christophe-oriol,0
timothy-gudsell,0
odd-christian-eiking,0
luca-dodi,0
eladio-jimenez,0
mauro-zanetti,0
bingen-fernandez-bustinza,0
jimmi-madsen,0
fabio-baldato,0
thomas-voeckler,0
marco-minnaard,0
nico-sijmens,0
michael-woods,0
jose-miguel-elias-galindo,0
stephan-schreck,0
filippo-baldo,0
steven-de-jongh,1
angelo-furlan,0
daniel-schorn,0
jon-aberasturi,0
tadej-valjavec,1
jordi-riera,0
yoann-offredo,0
kristijan-koren,0
emanuel-buchmann,0
dylan-groenewegen,0
niki-aebersold,0
stephen-cummings,0
dimitri-claeys,0
gert-joeaar,0
pascal-derame,0
russell-van-hout,0
roger-hammond,0
pedro-horrillo,0
remy-mertz,0
ben-gastauer,0
alexei-sivakov,0
domenico-gualdi,0
john-lee-augustyn,0
mathieu-claude,0
nicola-loda,0
carlos-jose-ochoa,0
philippe-gilbert,0
alexey-tsatevich,0
eduardo-hernandez,0
johnny-hoogerland,0
simone-andreetta,0
bjorn-leukemans,0
johann-tschopp,0
clement-venturini,0
haimar-zubeldia,0
marco-villa,0
ruggero-borghi,0
inigo-cuesta,0
gerrit-glomser,0
gustav-larsson,0
louis-vervaeke,0
yann-huguet,0
alexis-vuillermoz,0
mirko-selvaggi,0
raul-garcia,0
max-walscheid,0
fran-ventoso,0
oscar-camenzind,1
aldemar-reyes,0
sergey-firsanov,0
kurt-asle-arvesen,0
kristian-sbaragli,0
jens-heppner,1
alexandre-geniez,0
fabian-cancellara,0
jetse-bol,0
bobby-julich,1
gianni-meersman,0
jonathan-patrick-mccarty,0
david-lopez,0
rafael-casero-moreno,0
juan-antonio-flecha,0
reto-bergmann,0
rafal-majka,0
volodymyr-gustov,0
tony-hurel,0
david-clinger,0
yaroslav-popovych,0
rafael-andriato,0
clement-chevrier,0
juan-carlos-vicario-barbera,0
christophe-laporte,0
jan-ghyselinck,0
stefan-kung,0
simone-petilli,0
nils-politt,0
michael-rasmussen,1
john-gadret,0
christophe-laurent,0
fred-rodriguez,0
brian-bulgac,0
lukas-postlberger,0
roberto-petito,0
eddy-seigneur,0
alejandro-alberto-borrajo,0
giuliano-figueras,0
juan-jose-lobato,0
alessandro-bisolti,0
cesar-solaun,0
julien-berard,0
stuart-o-grady,0
anthony-charteau,0
cyril-gautier,0
miguel-minguez,0
andrey-kashechkin,0
steve-morabito,0
edward-king,0
mathew-hayman,0
bruno-manuel-silva-pires,0
anthony-perez,0
david-munoz,0
andris-nauduzs,0
borut-bozic,0
michael-barry,1
juan-manuel-garate,0
daniel-felipe-martinez,0
ivan-savitskiy,0
egan-bernal,0
jesus-del-nero,0
dmitriy-muravyev,0
maxim-rudenko,0
cedric-pineau,0
johan-le-bon,0
paolo-savoldelli,1
markus-zberg,0
hugo-houle,0
thomas-danielson,0
guy-sagiv,0
jorge-garcia-marin,0
evgeny-shalunov,0
dario-frigo,1
tim-wellens,0
bernhard-kohl,0
tom-peterson,0
oscar-mason,0
jose-luis-roldan,0
conor-dunne,0
santiago-blanco,0
paolo-simion,0
stephane-heulot,0
markus-fothen,0
carl-naibo,0
maxime-bouet,0
mickael-buffaz,0
paolo-fornaciari,0
jonathan-hivert,0
mathias-frank,0
laurens-ten-dam,0
aketza-pena,0
serguei-smetanine,0
filippo-pozzato,0
rene-mandri,0
erik-dekker,0
denis-zanette,0
sam-oomen,0
florent-brard,0
fabio-sacchi,1
karsten-kroon,0
remi-pauriol,0
christian-vande-velde,1
jasha-sutterlin,0
mikhaylo-khalilov,0
wladimir-belli,0
steffen-kjaergaard,0
brendan-canty,0
jens-debusschere,0
mikael-cherel,0
tom-jelte-slagter,0
zhandos-bizhigitov,0
sergey-klimov,0
loic-chetout,0
andrea-tonti,0
francis-mourey,0
lars-petter-nordhaug,0
gianluca-bortolami,0
georg-totschnig,0
martin-garrido-mayorga,0
benjamin-gonzalez-noval,0
zbigniew-spruch,0
jesper-hansen-1,0
daniele-bennati,0
maximilian-schachmann,0
yukihiro-doi,0
christophe-capelle,0
pablo-soler,0
christian-meier,0
iker-camano,0
maarten-tjallingii,0
ludovic-turpin,0
michel-lafis,0
luis-oran-castaneda,0
rafael-diaz,0
mikel-bizkarra,0
romain-sicard,0
corrado-serina,0
hans-de-clercq,0
elia-viviani,0
tyler-hamilton,1
jean-pierre-drucker,0
raffaele-illiano,0
maarten-wynants,0
jose-joaquin-castelblanco,0
bakhtiyar-kozhatayev,0
javier-ramirez,0
joey-rosskopf,0
yohann-gene,0
jose-luis-rubiera,0
robert-hunter,0
angelo-tulik,0
arnaud-demare,0
moreno-hofland,0
william-clarke,0
jelle-wallays,0
simone-masciarelli,0
mikhail-ignatiev,0
riccardo-zoidl,0
marco-canola,0
marco-milesi,0
eleuterio-anguita,0
michael-valgren-andersen,0
mario-cipollini,1
emmanuel-magnien,1
reto-hollenstein,0
pietro-zucconi,0
jan-polanc,0
andrey-amador,0
francisco-jose-martinez-perez,0
nicolas-vogondy,0
nicolas-crosbie,0
scott-sunderland,0
markel-irizar,0
antonio-pedrero,0
fausto-masnada,0
diego-rosa,0
lorenzo-rota,0
javier-benitez-pomares,0
carlos-quintero,0
andrey-zeits,0
manuel-vazquez-hueso,1
sergio-luis-henao,0
dean-podgornik,0
luis-felipe-laverde-jimenez,0
manuel-ortega-ocana,0
martin-rittsel,0
blel-kadri,0
carlos-torrent-tarres,0
ezequiel-mosquera-miguez,0
jacopo-mosca,0
matteo-bono,0
alexandre-vinokourov,0
julien-el-fares,0
cameron-wurf,0
jurgen-van-den-broeck,0
simone-bertoletti,0
fabien-patanchon,0
daniel-becke,0
andrei-teteriouk,0
thierry-gouvenou,0
jerome-cousin,0
jan-van-velzen,0
marco-fertonani,1
petr-ignatenko,1
iban-mayoz-echeverria,0
juan-javier-estrada-ruiz,0
miguel-angel-lopez,0
anthony-langella,0
david-veilleux,0
alessandro-proni,0
juan-sebastian-molano,0
armin-meier,0
francesco-de-bonis,1
franco-pellizotti,1
alexander-foliforov,0
matej-mohoric,0
calvin-watson,0
michael-boogerd,1
michael-blaudzun,0
gregor-muhlberger,0
baptiste-planckaert,0
robert-vrecer,0
dmytro-grabovskyy,0
christopher-jenner,0
mirko-celestino,0
david-garcia-dapena,0
piotr-chmielewski,0
alex-aranburu,0
jose-goncalves,0
jonas-ljungblad,0
jose-luis-arrieta,0
pavel-brutt,0
jakob-piil,0
roberto-sgambelluri,1
dmitry-kozonchuk,0
david-herrero-llorente,0
gilles-maignan,0
chad-haga,0
trent-lowe,0
peter-farazijn,0
jussi-veikkanen,0
david-tanner,0
grischa-niermann,0
pierre-luc-perichon,0
sacha-modolo,0
jarlinson-pantano,0
daniel-navarro,0
jose-luis-martinez,0
maximilian-sciandri,0
michael-morkov,0
jack-haig,0
ermanno-brignoli,1
pieter-serry,0
guillaume-le-floch,0
eddy-serri,0
yannick-talabardon,0
gustavo-rodriguez-iglesias,0
amanuel-gebrezgabihier,0
daniel-schnider,0
luis-fernandez-oliveira,0
goncalo-amorim,0
aitor-hernandez-gutierrez,0
benoit-salmon,0
pascal-chanteur,1
alex-rasmussen,0
natnael-berhane,0
tobias-steinhauser,0
david-etxebarria,0
jonathan-castroviejo,0
jure-golcer,0
txema-del-olmo-zendegi,0
jose-cayetano-julia,0
matthew-white,0
gianni-faresin,0
ivan-ramiro-parra,0
matteo-carrara,0
cameron-meyer,0
zdenek-stybar,0
amets-txurruka,0
joe-dombrowski,0
viatcheslav-ekimov,0
ruben-oarbeaskoa-ispizua,0
andrea-pagoto,0
enric-mas,0
massimo-giunti,0
enrico-franzoi,0
bram-tankink,0
alvaro-gonzalez,0
scott-davis,0
pierre-rolland,0
jose-luis-carrasco-gamiz,0
simon-pellaud,0
enrico-zaina,0
vladimir-isaychev,0
matthias-russ,0
marco-velo,0
serghei-tvetcov,0
guillaume-auger,0
dario-gadeo,0
romain-hardy,0
luka-pibernik,0
martijn-keizer,0
jonas-aaen-jorgensen,0
kalle-kriit,0
robinson-chalapud,0
arnold-jeannesson,0
sylvain-chavanel,0
abraham-olano-manzano,0
said-haddou,0
sebastien-demarbaix,0
anthony-delaplace,0
stefan-denifl,1
pavel-padrnos,0
johnnie-walker,0
jimmy-engoulvent,0
martijn-tusveld,0
laurent-madouas,0
hernan-buenahora,0
frederic-bessy,0
hector-saez,0
fabio-silvestre,0
jacques-janse-van-rensburg,0
orlando-sergio-rodrigues,0
danny-van-poppel,0
ivan-gotti,0
michal-golas,0
maryan-hary,0
nick-van-der-lijke,0
anthony-morin,0
uwe-hardter,0
paolo-tiralongo,0
gerhard-trampusch,0
jos-van-emden,0
gatis-smukulis,0
herve-duclos-lassalle,0
daniel-teklehaimanot,0
juan-fuentes,0
youcef-reguigui,0
steve-zampieri,0
vegard-breen,0
franck-renier,0
paulo-barroso,0
william-walker,0
malte-urban,0
giuseppe-fonzi,0
gorka-izagirre,0
david-arroyo,0
alejandro-valverde,1
volker-ordowski,0
hubert-schwab,0
primoz-roglic,0
jose-vicente-toribio,0
thomas-liese,0
oscar-cavagnis,0
jose-ruiz-sanchez,0
jhonatan-restrepo,0
robert-kiserlovski,0
arnaud-labbe,0
staf-scheirlinckx,0
michael-hepburn,0
yuriy-krivtsov,0
rik-verbrugghe,0
denys-kostyuk,0
alberto-ara-perez,0
lorrenzo-manzin,0
martin-muller,0
raimondas-rumsas-1,0
emanuele-sella,1
rohan-dennis,0
lucas-sebastian-haedo,0
riccardo-stacchiotti,0
blaise-sonnery,0
luca-paolini,1
francesco-casagrande,0
fernando-orjuela,0
roland-meier,1
jaco-venter,0
juan-jose-de-los-angeles,0
enrico-barbin,0
ivan-rovny,0
elia-favilli,0
marcin-sapa,0
michael-rogers,0
marcel-aregger,0
juan-pablo-valencia,0
mikel-pradera,0
anthony-roux,0
jean-eudes-demaret,0
andrea-fedi,0
marco-pantani,1
dario-cataldo,0
bert-grabsch,0
vladimir-gusev,1
rodolfo-massi,0
gianluca-sironi,0
julian-sanchez-pimienta,0
mirco-lorenzetto,0
loic-vliegen,0
daniel-moreno,0
theo-eltink,0
danilo-di-luca,1
pirmin-lang,0
isaac-galvez-lopez,0
danny-pate,0
christophe-detilloux,0
timothy-jones,0
silvio-martinello,0
francesco-lasca,0
francisco-tomas-garcia,0
julien-vermote,0
jens-mouris,0
cyrille-monnerais,0
andre-cardoso,0
ignatas-konovalovas,0
davide-appollonio,1
jean-cyril-robin,0
ramon-sinkeldam,0
andreas-klier,0
marcel-sieberg,0
sergey-lagutin,0
lasse-norman-hansen,0
renato-silva,0
ruslan-ivanov,0
niccolo-bonifazio,0
magnus-backstedt,0
marco-dellavedova,0
oliver-naesen,0
tiziano-dall-antonia,0
gianluca-valoti,0
pavel-kochetkov,0
mark-cavendish,0
vladimir-karpets,0
marlon-alirio-perez-arango,0
aitor-garmendia,0
nick-nuyens,0
lukasz-wisniowski,0
russell-downing,0
lilian-jegou,0
joseba-beloki,0
gijs-van-hoecke,0
ivan-basso,1
pablo-urtasun,0
fabio-andres-duarte,0
nick-dougall,0
unai-osa,1
cedric-vasseur,0
kevin-hulsmans,0
jens-keukeleire,0
yannick-martinez,0
juan-miguel-mercado,0
michele-gobbi,0
inigo-landaluze-intxaurraga,0
daniele-ratto,0
branislau-samoilau,0
tom-dumoulin,0
tomas-konecny,0
domen-novak,0
kurt-van-de-wouwer,0
pieter-vries,0
rene-andrle,0
oscar-pellicioli,0
manuel-belletti,0
pedro-diaz-lobato,0
matthieu-sprick,0
anton-vorobyev,0
nicolas-hartmann,0
youri-sourkov,0
dionisio-galparsoro,0
marek-rutkiewicz,0
brian-vandborg,0
thorsten-rund,0
leopold-konig,0
tom-veelers,0
jose-manuel,0
jimmy-casper,0
ian-stannard,0
massimiliano-mori,0
igor-flores,0
gert-dockx,0
peter-velits,0
serguei-yakovlev,0
jackson-rodriguez,0
sebastian-lang,0
leonardo-zanotti,0
kevin-ledanois,0
davide-rebellin,1
rob-ruijgh,0
alexandre-botcharov,0
nairo-quintana,0
jose-antonio-garrido-lima,0
giovanni-bernaudeau,0
david-latasa-lasa,0
kevin-de-weert,0
soren-kragh-andersen,0
nelson-soto,0
bradley-mcgee,0
roy-sentjens,1
juan-jose-haedo,0
jose-antonio-lopez,0
christophe-le-mevel,0
felix-rafael-cardenas,0
jose-angel-gomez-marchante,0
carlos-da-cruz,0
giairo-ermeti,0
josu-agirre,0
sergiy-matveyev,0
laurent-desbiens,1
klaas-lodewyck,0
davide-martinelli,0
egoi-martinez,0
jakob-fuglsang,0
daniel-sesma,0
maarten-den-bakker,0
stefan-schumacher,1
nicolas-jalabert,0
ricardo-otxoa,0
egor-silin,0
luca-mazzanti,0
nikita-eskov,0
mitchell-docker,0
manuel-calvente-corbas,0
xabier-zandio,0
francisco-perez-sanchez,0
alessandro-de-marchi,0
robert-forster,0
thomas-bruun-eriksen,0
ilia-koshevoy,0
sergio-pardilla,0
dominik-nerz,0
massimiliano-gentili,0
stefano-pirazzi,1
alex-cano-ardila,0
pablo-torres,0
jose-javier-gomez,0
devis-miorin,0
remi-cusin,0
dirk-bellemakers,0
erki-putsep,0
bryan-nauleau,0
igor-astarloa-ascasibar,0
laurent-dufaux,0
simon-spilak,0
victor-campenaerts,0
thorwald-veneberg,0
volodymyr-bileka,0
assan-bazayev,0
wesley-sulzberger,0
aurelien-clerc,0
jeffry-romero,0
ricardo-mestre,0
lars-michaelsen,0
philippe-schnyder,0
alex-howes,0
roman-kireyev,0
frederik-willems,0
christophe-brandt,1
inaki-isasi-flores,0
yannick-eijssen,0
angel-castresana,0
patrice-halgand,0
jonathan-fumeaux,0
andreas-stauff,0
davide-bramati,0
alessandro-guerra,0
matthias-brandle,0
leonardo-giordani,0
ludo-dierckxsens,0
giampaolo-cheula,0
sindre-skjoestad-lunke,0
dennis-vanendert,0
maurits-lammertink,0
alessandro-petacchi,1
david-lelay,0
dimitri-konishev,0
wilfried-cretskens,0
max-van-heeswijk,0
radoslav-rogina,0
grzegorz-gwiazdowski,0
evgeny-sokolov,0
dennis-van-winden,0
laurent-roux,0
johannes-frohlinger,0
addy-engels,0
raivis-belohvosciks,0
simon-zahner,0
giulio-ciccone,0
ludovic-auger,0
michel-kreder,0
peter-sagan,0
nick-schultz,0
andres-bermejo-siller,0
merhawi-kudus,0
giacomo-nizzolo,0
andreas-matzbacher,0
alberto-bettiol,0
koldo-fernandez,0
walter-beneteau,0
santos-gonzalez,0
yoann-le-boulanger,0
hubert-dupont,0
alessandro-spezialetti,0
trent-wilson,0
carlos-castano-panadero,0
edward-ravasi,0
rick-flens,0
jeremie-galland,0
ben-hermans,0
pierre-latour,0
pieter-mertens,0
guillaume-bonnafond,0
chris-horner,0
felix-manuel-garcia-casas,0
thomas-boudat,0
mikel-astarloza,1
jaroslaw-marycz,0
elie-gesbert,0
paolo-bailetti,0
adam-blythe,0
eduardo-ramirez-gonzalo,0
tomasz-marczynski,0
domenico-pozzovivo,0
dominik-roels,0
dominique-rollin,0
gorka-gerrikagoitia,0
caleb-fairly,0
pierre-bourquenoud,0
fumiyuki-beppu,0
sebastian-siedler,0
victor-de-la-parte,0
frederic-brun-2,0
thibaut-pinot,0
serafin-martinez,0
remco-van-der-ven,0
carlo-scognamiglio,0
tim-klinger,0
michele-coppolillo,0
francisco-gutierrez,0
jose-maria-jimenez,0
lennard-hofstede,0
yukiya-arashiro,0
danail-andonov-petrov,0
renaud-dion,0
morris-possoni,0
michael-rich,0
romain-zingle,0
andreas-dietziker,0
nacer-bouhanni,0
krists-neilands,0
rony-martias,0
mauro-santambrogio,1
angelo-lopeboselli,0
david-mckenzie,0
brice-feillu,0
koos-moerenhout,0
cristian-moreni,0
pierrick-fedrigo,0
mads-pedersen,0
lukasz-owsian,0
christophe-agnolutto,0
raphael-schweda,0
massimo-apollonio,0
francisco-cabello,0
janier-alexis-acevedo,0
eduard-vorganov,1
julien-duval,0
ricardo-valdes,0
ief-verbrugghe,0
bert-de-backer,0
kevin-livingston,1
jason-mccartney,0
remy-di-gregorio,1
mirko-gualdi,0
jai-hindley,0
lawrence-warbasse,0
damien-howson,0
aleksejs-saramotins,0
jesse-sergent,0
paride-grillo,0
genki-yamamoto,0
luis-pasamontes,0
francesco-bellotti,0
diego-rubio,0
tejay-van-garderen,0
jose-herrada,0
matthias-krizek,0
christian-knees,0
roberto-ferrari,0
francisco-jose-pacheco,0
julien-belgy,0
oscar-pereiro,0
oscar-pozzi,0
wilco-kelderman,0
gonzalo-rabunal-rios,0
roberto-heras,1
peter-stetina,0
joaquim-rodriguez,0
laurent-didier,0
valentin-iglinskiy,0
joo-silva,0
nathan-brown,0
nico-denz,0
diego-ulissi,1
manuel-senni,0
fabian-jeker,0
rolf-huser,0
mikel-landa,0
nikias-arndt,0
moreno-moser,0
alex-zulle2,0
antonio-nibali,0
sven-krauss,0
claudio-corioni,0
luke-roberts-1,0
bert-roesems,0
kyrylo-pospyeyev,0
jan-svorada-1,0
ivan-velasco,0
brayan-stiven-ramirez-chacon,0
ryder-hesjedal,1
marco-coledan,0
cristiano-salerno,0
axel-domont,0
julian-alaphilippe,0
hernan-aguirre,0
manuel-cardoso,0
pierre-drancourt,0
william-frischkorn-1,0
marc-lotz,1
andrei-grivko,0
marc-goos,0
twan-castelijns,0
henk-vogels,0
andrei-solomennikov,0
frederik-backaert,0
nicki-sorensen,0
renzo-mazzoleni,0
vegard-stake-laengen,0
mikel-nieve,0
gianni-moscon,0
francesco-gavazzi,1
hidenori-nodera,0
gilles-bouvard,0
eros-capecchi,0
alessandro-malaguti,0
albert-timmer,0
sven-teutenberg,0
alessandro-cortinovis,0
jose-manuel-vazquez,0
alexandre-shefer,0
maxim-gourov,0
felix-grossschartner,0
mark-scanlon,0
hernan-dario-munoz,0
giuseppe-muraglia,1
alberto-ongarato,0
daniel-mclay,0
arnaud-gerard,0
sean-de-bie,0
valerio-agnoli,0
david-bernabeu,0
andreas-schillinger,0
roger-kluge,0
antonio-varriale,0
tomas-vaitkus,0
massimiliano-lelli,0
jay-robert-thomson,0
daniele-pietropolli,0
denis-lunghi,0
tomasz-brozyna,0
romain-cardis,0
rafael-reis,0
alberto-lopez-de-munain,0
svein-tuft,0
richard-carapaz,0
fortunato-baliani,0
aaron-olson,0
andreas-kloden,0
mario-manzoni,0
mario-aerts,0
sam-bewley,0
ricardo-vilela,0
dario-andriotto,0
david-gutierrez,0
xavier-jan,0
patrick-konrad,0
graziano-gasparre,0
niki-terpstra,0
jose-alberto-martinez,0
thor-hushovd,0
victor-cabedo,0
erik-zabel,1
murilo-antonio-fischer,0
jay-mccarthy,0
ruben-lobato,0
louis-meintjes,0
adriano-malori,0
stefano-casagranda,1
yonathan-monsalve,0
julien-loubet,0
frederik-frison,0
daniele-righi,0
matthias-kessler,0
alexandr-pliuschin,0
laurent-mangel,0
isidro-nozal-vega,0
alberto-vinale,0
luis-diego-prior,0
matteo-rabottini,1
martin-velits,0
pello-bilbao,0
adam-hansen,0
bjornar-vestol,0
tiesj-benoot,0
kim-kirchen,0
jeremy-roy,0
miguel-angel-rubiano,0
javier-megias,0
hernando-bohorquez,0
aitor-gonzalez-jimenez,0
giancarlo-ginestri,0
frankie-andreu,0
boy-van-poppel,0
stephane-berges,0
uros-murn,0
gianluca-brambilla,0
maciej-paterski,0
didier-rous,0
marcos-antonio-serrano,0
christoph-pfingsten,0
matteo-busato,0
alberto-fernandez-de-la-puebla-ramos,0
stefano-garzelli,1
patrick-bevin,0
marco-magnani,0
fabrice-jeandesboz,0
marcus-ljungqvist,0
arkaitz-duran,0
daniel-oss,0
laurens-de-vreese,0
serge-baguet,0
damiano-caruso,0
eduard-michael-grosu,0
udo-bolts,0
hayden-roulston,0
eric-baumann,0
enrico-cassani,0
mads-kaggestad,0
valerio-conti,0
hugh-carthy,0
michele-colleoni,0
david-plaza-romero,0
zakkari-dempster,0
jan-hirt,0
ivan-gutierrez,0
laszlo-bodrogi,0
johan-verstrepen,0
fabio-bulgarelli,0
francisco-mancebo,0
aleksey-lutsenko,0
omar-fraile,0
julen-amezqueta,0
michal-kwiatkowski,0
levi-leipheimer,1
peter-luttenberger,0
marcelino-garcia,0
jesus-hernandez-3,0
tayeb-braikia,0
daniel-clavero,0
fernando-mota-dos,0
sergey-renev,0
sergio-carrasco,0
ivan-santaromita,0
jose-angel-vidal,0
janek-tombak,0
mauricio-alberto-ardila,0
davide-malacarne,0
wim-van-huffel,0
ronald-mutsaars,0
petr-vakoc,0
daniele-contrini,0
davide-vigano,0
michele-bartoli,0
florian-vachon,0
francisco-jose-terciado-sacedo,0
marco-frapporti,0
adrien-petit,0
luka-mezgec,0
steffen-wesemann,0
patrick-calcagni,0
bert-jan-lindeman,0
jan-boven,0
aitor-silloniz,0
christopher-juul-jensen,0
dylan-van-baarle,0
bostjan-mervar,0
aitor-kintana,0
gustavo-dominguez-lemos,0
thomas-ziegler,0
moises-duenas,0
martijn-maaskant,0
antonio-cabello-baena,0
hector-orlando-mesa-mesa,0
juan-olmo-menacho,0
ben-swift,0
alexandr-dyachenko,0
eric-berthou,0
fabio-taborre,1
walter-fernando-pedraza-morales,0
axel-merckx,1
jacopo-guarnieri,0
vladimir-miholjevic,0
evgeni-petrov,1
francesco-secchiari,0
servais-knaven,0
thomas-degand,0
garikoitz-bravo,0
roberto-laiseka-jaio,0
yoann-bagot,0
angel-vicioso,0
daniele-nardello,0
javier-aramendia,0
sonny-colbrelli,0
pietro-caucchioli,1
miguel-angel-meza,0
juan-felipe-osorio,0
julian-winn,0
marcel-strauss,0
carlos-verona,0
antonio-molina,0
massimo-podenzana,0
martin-derganc,0
manuel-quinziato,0
vasil-kiryienka,0
kjell-carlstrom,0
pier-paolo-de-negri,0
rui-lavarinhas,0
jack-bauer,0
ricardo-serrano,1
dmitriy-gruzdev,0
andris-reiss,0
sebastien-minard,0
fabien-grellier,0
ivan-quaranta,0
jeremy-maison,0
matthias-buxhofer,0
benat-aransolo-albizuri,0
kenny-dehaes,0
federico-colonna,0
martin-pedersen,0
thierry-marichal,0
bernardo-suaza,0
warren-barguil,0
vicente-reynes,0
sebastian-henao,0
olivier-kaisen,0
lieuwe-westra,0
rene-haselbacher,0
benoit-joachim,0
paul-van-hyfte,0
matthew-busche,0
carlos-betancur,0
artem-ovechkin,0
jurgen-roelandts,0
mederic-clain,0
daniel-hoelgaard,0
igor-anton,0
jonathan-lastra,0
glenn-magnusson,0
leigh-howard,0
jose-vicente-garcia-acosta,0
craig-lewis,0
benoit-vaugrenard,0
marcos-garcia,0
steven-kleynen,0
alexis-gougeard,0
alexandre-pichot,0
laurent-brochard,0
francisco-cerezo,0
oscar-pujol-munoz,0
sondre-holst-enger,0
liam-bertazzo,0
adrian-palomares,0
christophe-riblon,0
leo-vincent,0
mauro-finetto,0
jeremy-hunt,0
giacomo-berlato,0
jorge-capitan,0
marco-serpellini,0
joost-posthuma,0
peter-wrolich,0
christian-werner,0
jose-bento-carvalho-de-azevedo,0
david-moncoutie,0
paolo-bettini,0
aaron-kemps,0
maxim-belkov,0
jasper-de-buyst,0
diego-caccia,0
sebastien-hinault,0
jose-antonio-carrasco-ramirez,0
milan-kadlec,0
ciaran-power,0
manuele-mori,0
melchor-mauri,0
luis-leon-sanchez,0
riccardo-forconi,1
kristijan-durasek,0
guido-trentin,0
tristan-hoffman,0
julian-usano-martinez,0
jose-joaquin-rojas,0
steve-houanard,1
francesco-manuel-bongiorno,0
mark-renshaw,0
bartosz-huzarski,0
eddy-mazzoleni,1
rolf-aldag,0
george-hincapie,1
sylvain-calzati,0
fabrizio-guidi,1
yauheni-hutarovich,0
alessandro-vanotti,0
elia-rigotto,0
geert-van-bondt,0
oscar-cabedo,0
pieter-weening,0
matthew-goss,0
cadel-evans,0
matej-mugerli,0
christophe-rinero,0
kris-boeckmans,0
carlos-barredo,1
xavier-tondo,0
jose-manuel-uria,0
julian-david-arredondo,0
edoardo-zardini,0
dayer-quintana-rojas,0
cyril-saugrain,0
roman-kreuziger-1,0
francisco-javier-patxi-vila,0
gianfranco-zilioli,0
michal-schlegel,0
lars-boom,0
ellis-rastelli,0
andrei-kunitski,0
patrick-gretsch,0
dylan-teuns,0
carlos-ramon-golbano,0
matej-jurco,0
maxim-iglinskiy,0
robert-sassone,0
nans-peters,0
marcel-kittel,0
stephane-auge,0
moreno-di-biase,0
simone-cadamuro,0
cyril-dessel,0
adolfo-garcia-quesada,0
eugenio-alafaci,0
olaf-pollack,1
ian-mcleod,0
carlos-sastre,0
jerome-bernard,0
wilson-alexander-marentes,0
mauro-gerosa,0
leonardo-piepoli,1
alex-dowsett,0
christophe-kern,0
cesare-benedetti,0
bram-schmitz,0
sebastien-turgot,0
matthe-pronk,0
eddy-ratti,0
arnaud-coyot,0
bauke-mollema,0
michael-gogl,0
ian-boswell,0
kanstantsin-siutsou,0
gabriele-colombo,0
david-navas,0
lloyd-mondory,1
ignacio-gutierrez,0
stefano-locatelli,0
sander-armee,0
martin-elmiger,0
romain-bardet,0
alexander-serov,0
andrea-pasqualon,0
dariusz-baranowski,0
antonio-jose-pecharroman-fabian,0
romain-feillu,0
reinardt-janse-van-rensburg,0
anthony-turgis,0
jean-marc-bideau,0
domenico-romano,0
maxime-monfort,0
koen-de-kort,0
sandy-casar,0
simon-clarke,0
gian-matteo-fagnini,0
oscar-gatto,0
francesco-reda,1
gorik-gardeyn,0
sebastien-rosseler,0
lorenzo-bernucci,1
andy-schleck,0
ruggero-marzoli,0
danilo-wyss,0
javier-moreno,0
patrik-sinkewitz,1
juan-guillamon,0
bartlomiej-matysiak,0
oscar-rodriguez,0
julien-bernard,0
paolo-longo-borghini,0
steven-kruijswijk,0
michel-koch,0
jan-hruska,0
alexander-efimkin,0
jacky-durand,1
florian-stalder,0
miguel-angel-martin-perdiguero,0
brent-bookwalter,0
jerome-coppel,0
joan-horrach,0
mattia-cattaneo,0
chris-anker-sorensen,0
ion-izagirre,0
arnaud-courteille,0
bjorn-schroder,0
rodolfo-andres-torres,0
rick-zabel,0
luca-barla,0
nicolas-rousseau,0
jan-barta,0
jurgen-van-de-walle,0
eduard-prades,0
marcus-burghardt,0
aart-vierhouten,0
oliver-zaugg,0
massimo-strazzer,0
daan-olivier,0
vincenzo-nibali,0
damiano-cunego,1
sebastian-langeveld,0
anthony-geslin,0
christopher-froome,0
aliaksandr-kuchynski,0
jaime-javier-hernandez,0
william-bonnet,0
david-loosli,0
armindo-fonseca,0
gorka-gonzalez-larranaga,0
enrico-gasparotto,0
bart-dockx,0
serhiy-honchar,1
riccardo-chiarini,0
miguel-van-kessel,0
floyd-landis,1
kevin-reza,0
sam-bennett,0
julian-dean,0
simone-stortoni,0
ruben-fernandez,0
mads-christensen,0
angel-edo,0
dave-bruylandts,1
fabio-felline,0
stefano-cattai,0
arthur-vichot,0
massimo-donati,0
darwin-atapuma,0
luca-de-angeli,0
rinaldo-nocentini,0
aitor-perez-arrieta,0
karol-domagalski,0
gabriel-rasch,0
tanel-kangert,0
jorge-cubero,0
sergei-chernetski,0
jorge-martin-montenegro,0
rafael-valls,0
andre-greipel,0
andrea-masciarelli,0
philip-deignan,0
ivan-garcia-cortina,0
jan-bakelants,0
javier-pascual-rodriguez,0
bekim-leif-christensen,0
diego-ferrari,0
davide-villella,0
matteo-frutti,0
martin-hvastija,1
stephane-goubert,0
dirk-ronellenfitsch,0
sebastien-joly,0
massimo-graziato,0
raymond-kreder,0
fabricio-ferrari,0
juan-jose-oroz,0
tony-martin,0
michael-matthews,0
david-delrieu,0
edwin-avila,0
davide-ballerini,0
ariel-maximiliano-richeze,0
egoitz-garcia,0
tim-declercq,0
leon-van-bon,0
rubens-bertogliati,0
cristian-pepoli,0
guido-trenti,0
lars-ytting-bak,0
johan-esteban-chaves,0
jean-charles-senac,0
jens-voigt,0
fabio-aru,0
jan-ullrich,1
frank-schleck,0
javier-pascual,0
olivier-bonnaire,0
marcello-siboni,0
matti-breschel,0
rein-taaramae,0
gianluca-tonetti,0
alberto-losada,0
timo-roosen,0
geraint-thomas,0
nathan-o-neill,0
cyril-lemoine,0
geert-verheyen,0
david-derepas,0
zico-waeytens,0
thomas-rohregger,0
jan-kuyckx,0
victor-hugo-pena,0
ramunas-navardauskas,0
filippo-simeoni,0
matteo-gigli,0
simone-consonni,0
stephane-rossetto,0
fabio-sabatini,0
francisco-leon-mane,0
przemyslaw-niemiec,0
javier-quesada-chacon,0
maciej-bodnar,0
jose-enrique-gutierrez-cataluna,0
allan-johansen,0
wim-vansevenant,0
daniel-lloyd,0
markus-eibegger,0
remi-cavagna,0
tom-boonen,1
niklas-eg,0
salvatore-scamardella,0
julio-alberto-perez-cuapio,0
dion-smith,0
toni-tauler,0
jon-odriozola,0
eduardo-sepulveda,0
gerald-ciolek,0
jose-alberto-benitez-roman,0
michael-albasini,0
nicolaj-bo-larsen,0
gabriele-missaglia,0
koen-bouwman,0
allan-davis,0
amael-moinard,0
antoine-duchesne,0
mariano-piccoli,0
torsten-hiekmann,0
carlos-alberto-contreras,0
amund-grondahl-jansen,0
francesco-failli,0
carlos-garcia-quesada,0
chad-beyer,0
tristan-valentin,1
andrea-noe,0
victoriano-fernandez,0
tao-geoghegan-hart,0
matteo-trentin,1
pim-ligthart,0
roy-curvers,0
marco-zanotti-1,0
gorka-arrizabalaga,0
martin-kohler,0
rui-miguel-sousa-barbosa,0
nacor-burgos,0
emanuele-bindi,0
gennady-mikhaylov,0
aitor-galdos,0
luis-angel-mate,0
robert-wagner,0
aitor-osa,1
dario-cioni,0
cristian-gasperoni,0
leonardo-guidi,0
frank-hoj-christensen,0
william-chann-mcrae,0
julien-fouchard,0
thomas-scully,0
denis-menchov,1
alexis-rodriguez,0
jonas-van-genechten,0
mario-scirea,0
frederik-veuchelen,0
salvatore-commesso,0
linus-gerdemann,0
olivier-perreaudeau,0
oscar-laguna,0
danilo-hondo,1
lawson-craddock,0
davide-casarotto,0
uwe-peschel,0
matteo-montaguti,0
adrian-saez-de-arregi,0
fernando-escartin,0
francisco-garcia,0
ilnur-zakarin,1
laurent-pichon,0
jasper-stuyven,0
enrico-battaglin,0
edvald-boasson-hagen,0
jean-patrick-nazon,0
igor-pugaci,0
alexandre-usov,0
christophe-mengin,0
ryan-mullen,0
marco-marzano,0
jorg-jaksche,0
simon-geschke,0
xavier-florencio,0
kenny-elissonde,0
charles-wegelius,0
salvatore-puccio,0
freddy-bichot,0
gorazd-stangelj,0
pavel-tonkov,0
dmitriy-fofonov,0
alberto-elli,0
andrei-zintchenko,0
jaime-roson,1
david-canada,0
damien-nazon,0
luca-chirico,0
chris-sutton,0
david-millar,1
ludovic-martin,0
tobias-ludvigsson,0
leonardo-duque,0
carlos-barbero,0
francois-simon,0
vladimir-efimkin,0
marco-pinotti,0
tosh-van-der-sande,0
iban-mayo,1
grega-bole,0
guillaume-martin,0
marco-bandiera,0
christophe-edaleine,0
giuseppe-di-grande,0
mirco-maestri,0
bradley-wiggins,0
florian-senechal,0
antonio-cruz-1,0
yonder-godoy,0
gediminas-bagdonas,0
jesus-herrada-lopez,0
winner-anacona,0
greg-van-avermaet,0
guillaume-van-keirsbulck,0
scott-thwaites,0
songezo-jim,0
paolo-lanfranchi,0
angel-vallejo-dominguez,0
simon-yates,1
leonardo-scarselli,0
carlo-finco,0
stephane-poulhies,0
danny-jonasson,0
ruslan-pidgornyy,0
tom-stremersch,0
david-zabriskie,1
sascha-urweider,1
enrico-degano,0
francisco-jose-lara,0
andrea-tafi,1
preben-van-hecke,0
dominic-klemme,0
bryan-coquard,0
sergiy-adyeyev,0
dries-devenyns,0
marco-marcato,0
giovanni-lombardi,0
fabrice-gougot,0
nikolas-maes,0
gregory-rast,0
ruben-plaza,0
maurizio-de-pasquale,0
elio-aggiano,0
crescenzo-d-amore,0
jurgen-van-goolen,0
giuseppe-palumbo,0
manuel-beltran,1
andrey-mizurov,0
ronny-scholz,0
stefano-zanini,1
michael-schwarzmann,0
fabio-roscioli,0
alessandro-ballan,1
thomas-fothen,0
andre-korff,0
matthieu-ladagnous,0
franck-bouyer,0
marco-haller,0
eugert-zhupa,0
nicolas-portal,0
enrique-mata-cabello,0
laurent-lefevre,0
richie-porte,0
alessandro-donati,0
andrea-brognara,0
mauro-radaelli,0
andy-flickinger,0
pascal-herve,0
gustavo-miguel-otero,0
bernhard-eisel,0
riccardo-ricco,0
serge-pauwels,0
yuri-trofimov,0
robbie-mcewen,0
fabiano-fontanelli,0
simone-ponzi,0
nicolas-edet,0
willem-wauters,0
marco-fincato,0
cedric-coutouly,0
gilberto-simoni,1
vincent-jerome,0
filippo-casagrande,0
alexander-porsev,0
fernando-gaviria,0
michael-storer,0
sven-erik-bystrom,0
ralf-grabsch,0
denis-bondarenko,0
benoit-jarrier,0
alexandr-kolobnev,1
gert-steegmans,0
viacheslav-kuznetsov,0
arvis-piziks,0
koldo-gil-perez,0
mauro-facci,0
federico-zurlo,0
mikel-artetxe,0
robert-bartko,0
jonathan-cantwell,0
marco-vergnani,0
wout-poels,0
aleksey-rybalkin,0
nico-mattan,0
john-degenkolb,0
jose-rodolfo-serpa,0
saulius-sarkauskas,0
antonio-colom,1
raul-montana,0
claude-lamour,0
inigo-chaurreau-bernardez,0
marcel-wyss,0
mario-de-sarraga,0
graeme-brown,0
santo-anza,0
yauheni-seniushkin,0
andrei-kivilev,0
thomas-lofkvist,0
damien-monier,0
rudiger-selig,0
nicolas-fritsch,0
mike-teunissen,0
laurent-jalabert,1
ryan-anderson,0
francois-bidard,0
manuele-boaro,0
vladimir-duma,0
mikel-iturria,0
matthew-wilson,0
simone-borgheresi,0
marcin-bialoblocki,0
mikel-zarrabeitia,0
benjamin-king-1,0
jorg-ludewig,0
jose-antonio-redondo-ramos,0
mathieu-perget,0
jose-jaime-gonzalez,0
hernani-broco,0
imanol-erviti,0
geoffroy-lequatre,0
josep-jufre,0
daniel-atienza-urendez,0
kevin-van-impe,0
rudy-molard,0
gonzalo-bayarri,0
kenneth-van-bilsen,0
jose-humberto-rujano,0
mathias-le-turnier,0
heberth-gutierrez,0
dan-craven,0
luis-perez-rodriguez,0
janez-brajkovic,1
olivier-le-gac,0
frederic-finot,0
fredy-gonzalez,0
daryl-impey,1
cayetano-jose-sarmiento,0
claus-michael-moller,0
kilian-frankiny,0
federico-canuti,0
alex-turrin,0
chris-hamilton,0
florian-guillou,0
david-de-la-cruz,0
gabriele-bosisio,1
thomas-dekker,1
jan-schaffrath,0
jean-christophe-peraud,0
giovanni-visconti,1
lachlan-morton,0
miguel-martinez-1,0
david-blanco,0
wouter-weylandt,0
oleksandr-kvachuk,0
heinrich-haussler,0
andrej-hauptman,0
david-de-la-fuente,0
marco-corti,0
jean-marc-marino,0
andrea-peron-1,0
juan-carlos-dominguez,0
mauro-zinetti,0
giampaolo-caruso,1
frantisek-rabon,0
george-bennett,0
baden-cooke,0
oscar-freire,0
silvan-dillier,0
brett-lancaster,0
thierry-loder,0
tiago-machado,0
aaron-gate,0
michael-schar,0
timothy-dupont,0
thomas-de-gendt,0
iker-flores-galarza,0
floris-de-tier,0
rene-joergensen,0
matthew-lloyd,0
santiago-perez,0
mark-christian,0
sebastian-schwager,0
stef-clement,0
francis-de-greef,0
yves-lampaert,0
tsgabu-gebremaryam-grmay,0
guillaume-boivin,0
kasper-asgreen,0
hector-gonzalez-baeza-1,0
cheng-ji,0
andrea-ferrigato,0
pierre-cazaux,0
javier-otxoa,0
unai-etxebarria-arana,0
alan-marangoni,0
christophe-moreau,0
antonio-piedra,0
jose-maestre,0
davide-ricci-bitti,0
giuseppe-calcaterra,1
gustavo-cesar-veloso,0
jesus-ezquerra-muela,0
cristian-rodriguez,0
jan-tratnik,0
jorge-ferrio,0
kristof-vandewalle,0
jerome-pineau,0
markus-eichler,0
marc-soler,0
antwan-tolhoek,0
florent-barle,0
guillaume-levarlet,0
sergio-barbero,0
rui-costa,0
davide-formolo,0
julien-morice,0
paul-voss,0
pascal-lino,0
dominique-cornu,0
peter-kennaugh,0
vitali-kokorine,0
sven-montgomery,0
michiel-elijzen,0
tony-gallopin,0
oscar-sevilla,0
stijn-devolder,0
kurt-van-lancker,0
gerben-lowik,0
bjorn-selander,0
johann-van-zyl,0
cesar-garcia-calvo,0
alessio-galletti,0
pieter-vanspeybrouck,0
piotr-wadecki,0
david-fernandez-domingo,0
jose-mendes,0
francesco-masciarelli,0
alexandre-moos,0
frederic-guesdon,0
julien-simon,0
rigoberto-uran,0
tyler-farrar,0
juan-jose-cobo,0
gianpaolo-mondini,1
nicola-boem,0
jack-bobridge,0
dimitri-champion,0
sergio-ghisalberti,0
daniel-martin1,0
santiago-botero,0
pawel-poljanski,0
johan-vansummeren,0
lance-armstrong,1
iljo-keisse,0
angelo-pagani,0
simon-gerrans,0
giuseppe-guerini,0
pedro-cardoso,0
lluis-guillermo-mas,0
